family	class	css_tokens	source_references	css_files
external-icon	fa-solid	3	513	base.css
external-icon	fa-regular	3	11	base.css
external-icon	fas	3	0	base.css
external-icon	fa-chevron-down	1	7	dashboard.css
screen-candidate	btn	63	370	base.css,components-standard.css,components-system.css,components.css,dashboard.css,layouts.css
screen-candidate	topbar	31	1	base.css,drawing.css
screen-candidate	dash-widget-grid	24	1	base.css,dashboard.css
screen-candidate	tactical-pitch	22	4	components.css,tactical.css
screen-candidate	card	21	74	base.css,components-standard.css,components.css,dashboard.css
screen-candidate	anim-tool-dock	21	3	drawing.css
screen-candidate	form-control	17	143	components-standard.css,components-system.css,components.css
screen-candidate	anim-main-workspace	17	1	drawing.css
screen-candidate	anim-player-bar	17	1	drawing.css
screen-candidate	modal	16	73	base.css,components.css
screen-candidate	nav-item	14	10	base.css,components.css
screen-candidate	anim-detail-side-panel	14	4	drawing.css
screen-candidate	library-grid	13	5	base.css,dashboard.css
screen-candidate	practice-card-actions	12	1	base.css,components.css,dashboard.css
screen-candidate	sync-audit-item	12	1	components.css
screen-candidate	bottom-nav	11	7	base.css,drawing.css
screen-candidate	attendance-roster-row	11	4	components.css
screen-candidate	filmstrip-card	11	3	components-system.css,drawing.css
screen-candidate	dash-action-item	10	2	components.css
screen-candidate	sl-input	10	1	components-system.css,components.css
screen-candidate	topbar-badge	10	0	base.css
screen-candidate	topbar-btn	10	0	base.css
screen-candidate	dock-btn	9	16	drawing.css
screen-candidate	cloud-recovery-item	9	1	components.css
screen-candidate	match-card	9	1	dashboard.css
screen-candidate	operations-check	9	1	components.css
screen-candidate	player-notebook-entry	9	1	components.css
screen-candidate	nav-links	7	10	base.css
screen-candidate	operations-actions	7	6	components.css
screen-candidate	dash-rank-card	7	5	base.css,dashboard.css
screen-candidate	pwa-update-banner	7	3	components.css
screen-candidate	anim-canvas-area	7	1	drawing.css
screen-candidate	parent-access-invite	7	1	components.css
screen-candidate	player-card-header	7	1	base.css,dashboard.css
screen-candidate	player-notebook-trend	7	1	components.css
screen-candidate	sl-row	7	1	components-system.css,components.css
screen-candidate	settings-hub-item	7	0	components.css
screen-candidate	sync-status-dot	6	16	base.css,drawing.css
screen-candidate	practice-attendance-roster	6	5	components-system.css,components.css
screen-candidate	player-grid	6	4	base.css
screen-candidate	drawer-field	6	2	drawing.css
screen-candidate	insight-activity	6	1	components.css
screen-candidate	insight-recommendation	6	1	components.css
screen-candidate	match-card-actions	6	1	dashboard.css
screen-candidate	match-card-header	6	1	dashboard.css
screen-candidate	player-notebook-ratings	6	1	components.css
screen-candidate	practice-modal-actions	6	1	components-system.css,components.css
screen-candidate	team-theme-editor__heading	6	1	components-system.css
screen-candidate	ui-preferences-grid	6	1	components.css
screen-candidate	filter-accordion-item	6	0	components.css
screen-candidate	insight-metric	6	0	components.css
screen-candidate	practice-plan-block	6	0	components.css
screen-candidate	schedule-badge	6	0	dashboard.css
screen-candidate	skill-heatmap-table	6	0	dashboard.css
screen-candidate	form-group	5	18	components.css
screen-candidate	sl-section-body	5	16	components-system.css,components.css
screen-candidate	anim-caption-bar	5	4	drawing.css
screen-candidate	dash-form-item	5	3	base.css,dashboard.css
screen-candidate	sync-conflict-dialog	5	3	components.css
screen-candidate	btn-share-practice	5	2	base.css,components-system.css
screen-candidate	side-panel-toggle-btn	5	2	drawing.css
screen-candidate	decision-card	5	1	components.css
screen-candidate	insight-position-row	5	1	components.css
screen-candidate	insight-timeline-item	5	1	components.css
screen-candidate	player-participation-metric-labels	5	1	components.css
screen-candidate	player-participation-player-meta	5	1	components.css
screen-candidate	practice-card-header	5	1	base.css,dashboard.css
screen-candidate	practice-card-summary	5	1	base.css
screen-candidate	setup-checklist-copy	5	1	components.css
screen-candidate	dash-plan-summary-item	5	0	components.css
screen-candidate	dash-schedule-result-badge	5	0	dashboard.css
screen-candidate	filter-btn-group	5	0	components-standard.css,components.css
screen-candidate	form-badge	5	0	dashboard.css
screen-candidate	insight-timeline-main	5	0	components.css
screen-candidate	insights-hero	5	0	components.css
screen-candidate	insights-toolbar	5	0	components.css
screen-candidate	radar-container	5	0	base.css,dashboard.css
screen-candidate	settings-hub	5	0	components.css
screen-candidate	timeline-item	5	0	dashboard.css
screen-candidate	topbar-btn-text	5	0	base.css
screen-candidate	btn-secondary	4	148	components.css
screen-candidate	btn-primary	4	75	components.css
screen-candidate	modal-overlay	4	35	components.css
screen-candidate	toast	4	12	components.css
screen-candidate	sidebar	4	11	base.css,drawing.css
screen-candidate	dash-widget-label	4	10	base.css,dashboard.css
screen-candidate	player-number	4	8	base.css,dashboard.css
screen-candidate	anim-quick-drawer	4	6	drawing.css
screen-candidate	view-container	4	5	base.css,drawing.css
screen-candidate	anim-context-popover	4	4	drawing.css
screen-candidate	filter-search-input	4	4	components-standard.css,components-system.css,components.css
screen-candidate	mobile-more-item	4	4	base.css,components.css
screen-candidate	dash-row-2	4	3	dashboard.css
screen-candidate	filmstrip-cards-container	4	3	components-system.css,drawing.css
screen-candidate	btn-card-delete	4	2	drawing.css
screen-candidate	month-section	4	2	base.css,dashboard.css
screen-candidate	pk-kicker-row__side	4	2	components-system.css
screen-candidate	player-bar-divider	4	2	drawing.css
screen-candidate	sync-icon-wrapper	4	2	base.css
screen-candidate	ui-preference-check	4	2	components.css
screen-candidate	anim-editable-title	4	1	drawing.css
screen-candidate	csv-preview-table	4	1	dashboard.css
screen-candidate	insight-comparison	4	1	components.css
screen-candidate	insight-player-stat-grid	4	1	components.css
screen-candidate	insight-timeline-icon	4	1	components.css
screen-candidate	parent-access-create-grid	4	1	components.css
screen-candidate	parent-share-controls	4	1	components.css
screen-candidate	period-timeline-edit__controls	4	1	components-system.css
screen-candidate	player-card	4	1	base.css,dashboard.css
screen-candidate	player-notebook-form-heading	4	1	components.css
screen-candidate	player-participation-row	4	1	components.css
screen-candidate	player-position	4	1	base.css,dashboard.css
screen-candidate	practice-card	4	1	base.css,dashboard.css
screen-candidate	practice-card-details	4	1	base.css
screen-candidate	roster-checkbox-label	4	1	components.css
screen-candidate	season-report-metric	4	1	components.css
screen-candidate	setup-checklist	4	1	components.css
screen-candidate	setup-checklist-item	4	1	components.css
screen-candidate	sync-conflict-dialog-actions	4	1	components.css
screen-candidate	sync-conflict-summary	4	1	components.css
screen-candidate	workspace-select-grid	4	1	components.css
screen-candidate	dash-action-center-header	4	0	components.css
screen-candidate	dash-correlation-trend	4	0	dashboard.css
screen-candidate	formation-col-left	4	0	components.css
screen-candidate	formation-col-right	4	0	components.css
screen-candidate	insight-metric-icon	4	0	components.css
screen-candidate	insights-empty	4	0	components.css
screen-candidate	practice-rsvp-actions	4	0	components.css
screen-candidate	btn-xs	3	40	drawing.css
screen-candidate	btn-danger	3	29	components.css
screen-candidate	dock-text	3	16	drawing.css
screen-candidate	color-dot	3	6	drawing.css
screen-candidate	preset-chip	3	6	drawing.css
screen-candidate	sync-popover	3	4	base.css,drawing.css
screen-candidate	topbar-title	3	4	base.css
screen-candidate	btn-filter-detail	3	3	components-standard.css,components.css
screen-candidate	canvas-wrapper	3	3	drawing.css
screen-candidate	dash-next-event-card	3	3	dashboard.css
screen-candidate	filmstrip-timeline-wrapper	3	3	drawing.css
screen-candidate	menu-toggle	3	3	base.css
screen-candidate	mobile-context-back-btn	3	3	base.css
screen-candidate	mobile-context-bar	3	3	base.css
screen-candidate	parent-access-trust-status	3	3	components.css
screen-candidate	sidebar-overlay	3	3	base.css,drawing.css
screen-candidate	dash-form-opponent	3	2	base.css,dashboard.css
screen-candidate	dash-form-score	3	2	base.css,dashboard.css
screen-candidate	parent-access-scopes	3	2	components.css
screen-candidate	anim-header	3	1	drawing.css
screen-candidate	dash-next-event-type	3	1	dashboard.css
screen-candidate	filmstrip-card-actions	3	1	components-system.css,drawing.css
screen-candidate	main-content	3	1	base.css,drawing.css
screen-candidate	mobile-more-grid	3	1	base.css,components.css
screen-candidate	operations-check-icon	3	1	components.css
screen-candidate	parent-access-invite-actions	3	1	components.css
screen-candidate	parent-access-manager-heading	3	1	components.css
screen-candidate	parent-access-status	3	1	components.css
screen-candidate	parent-share-body	3	1	components.css
screen-candidate	player-notebook-form	3	1	components.css
screen-candidate	player-notebook-icon	3	1	components.css
screen-candidate	player-notebook-summary	3	1	components.css
screen-candidate	player-participation-player	3	1	components.css
screen-candidate	player-participation-stats	3	1	components.css
screen-candidate	practice-card-menu-list	3	1	base.css,dashboard.css
screen-candidate	practice-menu-item	3	1	base.css,dashboard.css
screen-candidate	practice-menu-item-details	3	1	base.css,dashboard.css
screen-candidate	practice-modal-close	3	1	components-system.css,components.css
screen-candidate	sl-add-row	3	1	components.css
screen-candidate	sync-audit-heading	3	1	components.css
screen-candidate	team-theme-editor__status	3	1	components-system.css
screen-candidate	topbar-back-btn	3	1	base.css
screen-candidate	topbar-mobile-role-pill	3	1	base.css
screen-candidate	workspace-actions	3	1	components.css
screen-candidate	dash-horizontal-grid	3	0	dashboard.css
screen-candidate	dash-schedule-icon	3	0	dashboard.css
screen-candidate	dash-schedule-row	3	0	dashboard.css
screen-candidate	dashboard-grid-container	3	0	dashboard.css
screen-candidate	dashboard-left-column	3	0	dashboard.css
screen-candidate	empty-state	3	0	components.css
screen-candidate	formation-grid-container	3	0	components.css
screen-candidate	formation-mobile-tabs	3	0	components.css
screen-candidate	info-callout	3	0	dashboard.css
screen-candidate	insight-metric-grid	3	0	components.css
screen-candidate	item-list	3	0	dashboard.css
screen-candidate	player-detail-tab	3	0	dashboard.css
screen-candidate	recent-matches	3	0	dashboard.css
screen-candidate	recent-matches-grid	3	0	dashboard.css
screen-candidate	schedule-item-icon-box	3	0	dashboard.css
screen-candidate	season-report-actions	3	0	components.css
screen-candidate	settings-hub-grid	3	0	components.css
screen-candidate	stat-info	3	0	dashboard.css
screen-candidate	topbar-breadcrumb	3	0	base.css
screen-candidate	yt-player-responsive-wrapper	3	0	components.css
screen-candidate	btn-sm	2	112	components.css,drawing.css
screen-candidate	coach-only	2	23	base.css
screen-candidate	collapsed	2	13	drawing.css
screen-candidate	side-info-val	2	8	drawing.css
screen-candidate	pitch-node	2	7	tactical.css
screen-candidate	anim-settings-popover	2	5	drawing.css
screen-candidate	cloud-recovery-empty	2	5	components.css
screen-candidate	dash-rank-item	2	4	dashboard.css
screen-candidate	settings-tab-panel	2	4	components-system.css
screen-candidate	active-tags-bar	2	3	components.css
screen-candidate	dash-record-draw	2	3	dashboard.css
screen-candidate	dash-record-loss	2	3	dashboard.css
screen-candidate	dash-record-win	2	3	dashboard.css
screen-candidate	filter-accordion-panel	2	3	components.css
screen-candidate	operations-diagnostics	2	3	components.css
screen-candidate	period-timeline-list	2	3	components-system.css
screen-candidate	player-bar-group	2	3	drawing.css
screen-candidate	tactics-only	2	3	drawing.css
screen-candidate	toast-container	2	3	components.css
screen-candidate	anim-app-container	2	2	drawing.css
screen-candidate	bottom-sheet-modal	2	2	components.css
screen-candidate	btn-add-menu	2	2	base.css
screen-candidate	btn-delete-practice	2	2	base.css
screen-candidate	btn-edit-practice	2	2	base.css
screen-candidate	btn-remove-development-note	2	2	components.css
screen-candidate	category-section	2	2	base.css
screen-candidate	dash-form-card	2	2	dashboard.css
screen-candidate	drawer-preset-chips	2	2	drawing.css
screen-candidate	goal-record-row	2	2	dashboard.css
screen-candidate	operations-check-action	2	2	components.css
screen-candidate	popover-arrow	2	2	drawing.css
screen-candidate	role-read-only	2	2	base.css
screen-candidate	sidebar-sync-row	2	2	base.css
screen-candidate	custom-formation-editor-layout	2	1	tactical.css
screen-candidate	dash-alert-btn	2	1	dashboard.css
screen-candidate	dash-alert-inner	2	1	dashboard.css
screen-candidate	dash-next-event-title	2	1	dashboard.css
screen-candidate	dash-season-record-card	2	1	dashboard.css
screen-candidate	drawer-close-btn	2	1	drawing.css
screen-candidate	filmstrip-card-title	2	1	drawing.css
screen-candidate	filmstrip-card__meta	2	1	components-system.css,drawing.css
screen-candidate	filmstrip-frame-num	2	1	drawing.css
screen-candidate	insight-progress	2	1	components.css
screen-candidate	insight-progress-row	2	1	components.css
screen-candidate	match-card-bottom-row	2	1	dashboard.css
screen-candidate	match-card-date	2	1	dashboard.css
screen-candidate	match-card-opponent	2	1	dashboard.css
screen-candidate	match-card-result	2	1	dashboard.css
screen-candidate	match-detail-attendance-details	2	1	components-system.css
screen-candidate	mobile-more-sheet	2	1	base.css,components.css
screen-candidate	modal-practice-form	2	1	components.css
screen-candidate	no-practice-menu	2	1	dashboard.css
screen-candidate	period-analysis-fullscreen	2	1	components.css
screen-candidate	period-analysis-header-center	2	1	drawing.css
screen-candidate	period-timeline-edit__seconds	2	1	components-system.css
screen-candidate	pk-kicker-row	2	1	components-system.css,components.css
screen-candidate	pk-kicker-row__select	2	1	components-system.css
screen-candidate	player-detail-tab-pane	2	1	dashboard.css
screen-candidate	player-notebook-trends	2	1	components.css
screen-candidate	practice-card-expanded-body	2	1	base.css
screen-candidate	practice-card-header-main	2	1	base.css
screen-candidate	practice-menu-actions-block	2	1	dashboard.css
screen-candidate	practice-menu-item-title	2	1	dashboard.css
screen-candidate	practice-plan-form	2	1	components.css
screen-candidate	roster-player-name	2	1	components.css
screen-candidate	season-report-summary	2	1	components.css
screen-candidate	setup-checklist-header	2	1	components.css
screen-candidate	setup-checklist-icon	2	1	components.css
screen-candidate	setup-checklist-items	2	1	components.css
screen-candidate	sidebar-version-btn	2	1	base.css
screen-candidate	summary-icon	2	1	base.css
screen-candidate	sync-conflict-note	2	1	components.css
screen-candidate	sync-conflict-summaries	2	1	components.css
screen-candidate	team-theme-editor	2	1	components-system.css
screen-candidate	team-theme-editor__picker	2	1	components-system.css
screen-candidate	avatar	2	0	base.css
screen-candidate	canvas-toolbar-section	2	0	drawing.css
screen-candidate	dash-attendance-playtime-wrapper	2	0	base.css
screen-candidate	dash-coach-widgets-container	2	0	base.css
screen-candidate	dash-matches-card	2	0	dashboard.css
screen-candidate	dash-schedule-card	2	0	dashboard.css
screen-candidate	dash-schedule-item-chip	2	0	base.css
screen-candidate	dash-schedule-widget	2	0	dashboard.css
screen-candidate	dash-stats-card	2	0	dashboard.css
screen-candidate	dashboard-right-column	2	0	dashboard.css
screen-candidate	decision-cards	2	0	components.css
screen-candidate	detail-box	2	0	dashboard.css
screen-candidate	filter-box	2	0	dashboard.css
screen-candidate	filter-search-box	2	0	components.css
screen-candidate	heatmap-name-col	2	0	dashboard.css
screen-candidate	heatmap-pos-col	2	0	dashboard.css
screen-candidate	heatmap-skill-col	2	0	dashboard.css
screen-candidate	insights-coaching-grid	2	0	components.css
screen-candidate	insights-comparison-grid	2	0	components.css
screen-candidate	insights-content-grid	2	0	components.css
screen-candidate	insights-hint	2	0	components.css
screen-candidate	insights-section-header	2	0	components.css
screen-candidate	library-category-section	2	0	base.css
screen-candidate	modal-layout-grid-2	2	0	components.css
screen-candidate	parent-share-security-note	2	0	components.css
screen-candidate	practice-card-header-title	2	0	dashboard.css
screen-candidate	practice-parent-rsvp	2	0	components.css
screen-candidate	schedule-item	2	0	dashboard.css
screen-candidate	season-report-help	2	0	components.css
screen-candidate	settings-grid	2	0	components.css
screen-candidate	skill-heatmap-container	2	0	dashboard.css
screen-candidate	timeline-item-badge	2	0	dashboard.css
screen-candidate	topbar-version-subtle	2	0	base.css
screen-candidate	workspace-help	2	0	components.css
screen-candidate	side-info-label	1	28	drawing.css
screen-candidate	side-info-card	1	27	drawing.css
screen-candidate	dash-no-data	1	11	dashboard.css
screen-candidate	parent-only	1	6	base.css
screen-candidate	pitch-node-number	1	6	tactical.css
screen-candidate	pitch-node-role	1	6	tactical.css
screen-candidate	dash-rank-list	1	5	dashboard.css
screen-candidate	sidebar-header	1	5	base.css
screen-candidate	corner-arc-bl	1	4	tactical.css
screen-candidate	corner-arc-br	1	4	tactical.css
screen-candidate	export-json-textarea	1	4	components-system.css
screen-candidate	feedback-box	1	4	dashboard.css
screen-candidate	goal-area-bottom	1	4	tactical.css
screen-candidate	operations-intro	1	4	components.css
screen-candidate	penalty-arc-bottom	1	4	tactical.css
screen-candidate	penalty-area-bottom	1	4	tactical.css
screen-candidate	penalty-spot-bottom	1	4	tactical.css
screen-candidate	practice-modal-title	1	4	components.css
screen-candidate	active-tag-label	1	3	components.css
screen-candidate	btn-anim-library	1	3	base.css
screen-candidate	cloud-recovery-history	1	3	components.css
screen-candidate	dash-alert-banner	1	3	dashboard.css
screen-candidate	dash-form-bar	1	3	dashboard.css
screen-candidate	dash-myplayer-content	1	3	dashboard.css
screen-candidate	dash-rank-medal	1	3	dashboard.css
screen-candidate	dash-record-sep	1	3	dashboard.css
screen-candidate	filter-accordion-grid	1	3	components.css
screen-candidate	mobile-context-title	1	3	base.css
screen-candidate	parent-access-invites	1	3	components.css
screen-candidate	parent-share-status	1	3	components.css
screen-candidate	pitch-node-name	1	3	tactical.css
screen-candidate	pk-kickers-list	1	3	components-system.css
screen-candidate	popover-label	1	3	drawing.css
screen-candidate	sync-audit-history	1	3	components.css
screen-candidate	sync-status-text	1	3	drawing.css
screen-candidate	workspace-context-status	1	3	components.css
screen-candidate	btn-anim-practice	1	2	base.css
screen-candidate	btn-assign-library	1	2	base.css
screen-candidate	btn-delete-assessment	1	2	base.css
screen-candidate	btn-delete-item	1	2	base.css
screen-candidate	btn-delete-library	1	2	base.css
screen-candidate	btn-delete-match	1	2	base.css
screen-candidate	btn-delete-menu	1	2	base.css
screen-candidate	btn-edit-assessment	1	2	base.css
screen-candidate	btn-edit-custom-formation	1	2	base.css
screen-candidate	btn-edit-library	1	2	base.css
screen-candidate	btn-edit-master-item	1	2	base.css
screen-candidate	btn-edit-menu	1	2	base.css
screen-candidate	btn-rsvp-attending	1	2	components.css
screen-candidate	btn-save-practice-template	1	2	base.css
screen-candidate	btn-use-current-timestamp	1	2	components-system.css
screen-candidate	canvas-hover-overlay	1	2	dashboard.css
screen-candidate	checkbox-group-container	1	2	components.css
screen-candidate	dash-action-icon	1	2	components.css
screen-candidate	dash-form-header	1	2	dashboard.css
screen-candidate	dash-schedule-list	1	2	dashboard.css
screen-candidate	goal-assist-select	1	2	dashboard.css
screen-candidate	goal-scorer-select	1	2	dashboard.css
screen-candidate	library-canvas-wrapper	1	2	dashboard.css
screen-candidate	modal-practice-plan	1	2	components.css
screen-candidate	pk-kicker-row__side-label	1	2	components-system.css
screen-candidate	popover-group	1	2	drawing.css
screen-candidate	practice-detail-section	1	2	base.css
screen-candidate	practice-plan-blocks	1	2	components.css
screen-candidate	practice-section-label	1	2	base.css
screen-candidate	side-panel-body	1	2	drawing.css
screen-candidate	side-panel-header	1	2	drawing.css
screen-candidate	sidebar-footer	1	2	base.css
screen-candidate	sidebar-footer-btn	1	2	base.css
screen-candidate	timeline-highlight-active	1	2	main.css
screen-candidate	anim-header-center	1	1	drawing.css
screen-candidate	anim-header-left	1	1	drawing.css
screen-candidate	anim-header-right	1	1	drawing.css
screen-candidate	app-container	1	1	base.css
screen-candidate	btn-icon	1	1	components.css
screen-candidate	btn-rsvp-absent	1	1	components.css
screen-candidate	canvas-toolbar	1	1	drawing.css
screen-candidate	confirm-btn-cancel	1	1	components.css
screen-candidate	confirm-btn-ok	1	1	components.css
screen-candidate	confirm-modal-actions	1	1	components.css
screen-candidate	confirm-modal-content	1	1	components.css
screen-candidate	confirm-modal-icon	1	1	components.css
screen-candidate	confirm-modal-message	1	1	components.css
screen-candidate	confirm-modal-title	1	1	components.css
screen-candidate	custom-formation-node-row	1	1	tactical.css
screen-candidate	custom-formation-nodes-list	1	1	tactical.css
screen-candidate	dash-action-center	1	1	components.css
screen-candidate	dash-action-center-list	1	1	components.css
screen-candidate	dash-myplayer-card	1	1	dashboard.css
screen-candidate	dash-next-event-countdown	1	1	dashboard.css
screen-candidate	dash-next-event-date	1	1	dashboard.css
screen-candidate	dash-record-meta	1	1	dashboard.css
screen-candidate	dash-record-numbers	1	1	dashboard.css
screen-candidate	dash-schedule-actions	1	1	dashboard.css
screen-candidate	dash-schedule-horizontal-bar	1	1	base.css
screen-candidate	dash-season-record-body	1	1	dashboard.css
screen-candidate	dashboard-grid	1	1	dashboard.css
screen-candidate	decision-card-icon	1	1	components.css
screen-candidate	decision-card-label	1	1	components.css
screen-candidate	drawer-body	1	1	drawing.css
screen-candidate	drawer-field-short	1	1	drawing.css
screen-candidate	drawer-header	1	1	drawing.css
screen-candidate	drawer-title	1	1	drawing.css
screen-candidate	eyebrow-label	1	1	components.css
screen-candidate	filmstrip-card-header	1	1	drawing.css
screen-candidate	header-actions	1	1	components.css
screen-candidate	heatmap-player-num	1	1	dashboard.css
screen-candidate	insight-activity-list	1	1	components.css
screen-candidate	insight-player-summary	1	1	components.css
screen-candidate	insights-recommendations	1	1	components.css
screen-candidate	match-attendance-badge	1	1	components-system.css
screen-candidate	match-attendance-badge__number	1	1	components-system.css
screen-candidate	match-detail-attendance-display	1	1	components-system.css
screen-candidate	match-detail-attendance-roster	1	1	components-system.css
screen-candidate	operations-body	1	1	components.css
screen-candidate	parent-access-empty	1	1	components.css
screen-candidate	parent-access-manager	1	1	components.css
screen-candidate	period-analysis-container	1	1	components.css
screen-candidate	period-analysis-header	1	1	drawing.css
screen-candidate	period-analysis-header-left	1	1	drawing.css
screen-candidate	period-analysis-header-right	1	1	drawing.css
screen-candidate	period-timeline-edit__seek	1	1	components-system.css
screen-candidate	pk-kicker-row__controls	1	1	components-system.css
screen-candidate	pk-kicker-row__header	1	1	components-system.css
screen-candidate	pk-kicker-row__label	1	1	components-system.css
screen-candidate	pk-shootout-editor	1	1	components-system.css
screen-candidate	pk-shootout-editor__header	1	1	components-system.css
screen-candidate	player-detail-badges	1	1	components-system.css
screen-candidate	player-detail-header-card	1	1	components-system.css
screen-candidate	player-detail-header-top	1	1	components-system.css
screen-candidate	player-detail-identity	1	1	components-system.css
screen-candidate	player-detail-main-name	1	1	components-system.css
screen-candidate	player-detail-number-badge	1	1	components-system.css
screen-candidate	player-detail-page	1	1	components-system.css
screen-candidate	player-notebook-empty	1	1	components.css
screen-candidate	player-notebook-timeline	1	1	components.css
screen-candidate	player-participation-list	1	1	components.css
screen-candidate	player-participation-metrics	1	1	components.css
screen-candidate	player-participation-panel	1	1	components.css
screen-candidate	player-participation-title	1	1	components.css
screen-candidate	popover-actions	1	1	drawing.css
screen-candidate	popover-color-dots	1	1	drawing.css
screen-candidate	popover-content	1	1	drawing.css
screen-candidate	popover-input-num	1	1	drawing.css
screen-candidate	practice-card-attendance-list	1	1	base.css
screen-candidate	practice-card-date	1	1	base.css
screen-candidate	practice-card-summary-badges	1	1	base.css
screen-candidate	practice-menu-details	1	1	base.css
screen-candidate	practice-menu-item-header	1	1	dashboard.css
screen-candidate	practice-menu-title-block	1	1	dashboard.css
screen-candidate	progress-bar-container	1	1	dashboard.css
screen-candidate	progress-bar-fill	1	1	dashboard.css
screen-candidate	rank-player-name	1	1	base.css
screen-candidate	rank-player-num	1	1	base.css
screen-candidate	season-report-body	1	1	components.css
screen-candidate	settings-tabs-nav	1	1	components-system.css
screen-candidate	side-pk-row	1	1	drawing.css
screen-candidate	sidebar-footer-actions	1	1	base.css
screen-candidate	sidebar-role-badge	1	1	base.css
screen-candidate	sidebar-sync-btn	1	1	base.css
screen-candidate	sidebar-user-card	1	1	base.css
screen-candidate	sidebar-version-row	1	1	base.css
screen-candidate	sl-settings	1	1	components.css
screen-candidate	sr-only	1	1	components.css
screen-candidate	stat-bar-inner	1	1	dashboard.css
screen-candidate	stat-bar-outer	1	1	dashboard.css
screen-candidate	sync-audit-empty	1	1	components.css
screen-candidate	sync-conflict-dialog-backdrop	1	1	components.css
screen-candidate	sync-conflict-dialog-icon	1	1	components.css
screen-candidate	sync-popover-header	1	1	drawing.css
screen-candidate	sync-time-label	1	1	drawing.css
screen-candidate	team-theme-editor__controls	1	1	components-system.css
screen-candidate	team-theme-editor__hex	1	1	components-system.css
screen-candidate	topbar-center	1	1	base.css
screen-candidate	topbar-end	1	1	base.css
screen-candidate	topbar-start	1	1	base.css
screen-candidate	workspace-management-body	1	1	components.css
screen-candidate	analysis-memo-section-container	1	0	components.css
screen-candidate	anim-menu-title-icon	1	0	drawing.css
screen-candidate	animation-container	1	0	drawing.css
screen-candidate	btn-capture-lg	1	0	components.css
screen-candidate	btn-dash-edit-match	1	0	base.css
screen-candidate	btn-dash-edit-prac	1	0	base.css
screen-candidate	btn-dash-score-match	1	0	base.css
screen-candidate	btn-edit-match	1	0	base.css
screen-candidate	canvas-toolbar-section-title	1	0	drawing.css
screen-candidate	center-spot	1	0	tactical.css
screen-candidate	coaching-insights-section	1	0	components.css
screen-candidate	corner-arc-tl	1	0	tactical.css
screen-candidate	corner-arc-tr	1	0	tactical.css
screen-candidate	dash-action-count	1	0	components.css
screen-candidate	dash-correlation-row	1	0	dashboard.css
screen-candidate	dash-mini-card	1	0	dashboard.css
screen-candidate	dash-mini-card-actions	1	0	dashboard.css
screen-candidate	dash-mini-card-date	1	0	dashboard.css
screen-candidate	dash-mini-card-footer	1	0	dashboard.css
screen-candidate	dash-mini-card-header	1	0	dashboard.css
screen-candidate	dash-mini-card-score	1	0	dashboard.css
screen-candidate	dash-mini-card-sub	1	0	dashboard.css
screen-candidate	dash-mini-card-title	1	0	dashboard.css
screen-candidate	dash-myplayer-comment-box	1	0	dashboard.css
screen-candidate	dash-myplayer-metric-box	1	0	dashboard.css
screen-candidate	dash-myplayer-metric-val	1	0	dashboard.css
screen-candidate	dash-parent-agenda	1	0	components.css
screen-candidate	dash-playtime-bar-inner	1	0	dashboard.css
screen-candidate	dash-playtime-bar-outer	1	0	dashboard.css
screen-candidate	dash-playtime-row	1	0	dashboard.css
screen-candidate	dash-practice-plan	1	0	components.css
screen-candidate	dash-rank-count	1	0	dashboard.css
screen-candidate	dash-rank-count-unit	1	0	dashboard.css
screen-candidate	dash-rank-name	1	0	dashboard.css
screen-candidate	dash-schedule-badge-match	1	0	base.css
screen-candidate	dash-schedule-badge-practice	1	0	base.css
screen-candidate	dash-schedule-chip-date	1	0	base.css
screen-candidate	dash-schedule-chip-title	1	0	base.css
screen-candidate	dash-schedule-info	1	0	dashboard.css
screen-candidate	dash-schedule-row-actions	1	0	dashboard.css
screen-candidate	dash-schedule-row-right	1	0	dashboard.css
screen-candidate	dash-schedule-row-sub	1	0	dashboard.css
screen-candidate	dash-schedule-row-title	1	0	dashboard.css
screen-candidate	dash-schedule-widget-header	1	0	dashboard.css
screen-candidate	dashboard-layout-row	1	0	dashboard.css
screen-candidate	decision-cards-section	1	0	components.css
screen-candidate	disabled-stale-header-card	1	0	components.css
screen-candidate	disabled-stale-left-container	1	0	components.css
screen-candidate	disabled-stale-meta-title-3	1	0	components.css
screen-candidate	disabled-stale-selector-a	1	0	components.css
screen-candidate	disabled-stale-selector-b	1	0	components.css
screen-candidate	empty-state-action	1	0	components.css
screen-candidate	empty-state-icon	1	0	components.css
screen-candidate	empty-state-text	1	0	components.css
screen-candidate	field-roster-list	1	0	components-system.css
screen-candidate	filter-accordion-footer	1	0	components.css
screen-candidate	filter-bar-container	1	0	components.css
screen-candidate	filter-main-row	1	0	components.css
screen-candidate	formation-modal-wide	1	0	components.css
screen-candidate	glass	1	0	base.css
screen-candidate	global-header	1	0	drawing.css
screen-candidate	goal-area-top	1	0	tactical.css
screen-candidate	heatmap-lvl-0	1	0	dashboard.css
screen-candidate	heatmap-lvl-1	1	0	dashboard.css
screen-candidate	heatmap-lvl-2	1	0	dashboard.css
screen-candidate	heatmap-lvl-3	1	0	dashboard.css
screen-candidate	heatmap-lvl-4	1	0	dashboard.css
screen-candidate	heatmap-lvl-5	1	0	dashboard.css
screen-candidate	insight-comparison-negative	1	0	components.css
screen-candidate	insight-comparison-positive	1	0	components.css
screen-candidate	insight-metric-negative	1	0	components.css
screen-candidate	insight-metric-positive	1	0	components.css
screen-candidate	insight-timeline	1	0	components.css
screen-candidate	insight-timeline-kind	1	0	components.css
screen-candidate	insights-page	1	0	components.css
screen-candidate	insights-panel	1	0	components.css
screen-candidate	insights-position-list	1	0	components.css
screen-candidate	match-card-scorers	1	0	dashboard.css
screen-candidate	modal-content	1	0	base.css
screen-candidate	modal-header-detail	1	0	components.css
screen-candidate	modal-header-detail-left	1	0	components.css
screen-candidate	modal-header-detail-meta	1	0	components.css
screen-candidate	penalty-arc-top	1	0	tactical.css
screen-candidate	penalty-area-top	1	0	tactical.css
screen-candidate	penalty-spot-top	1	0	tactical.css
screen-candidate	player-detail-tabs	1	0	dashboard.css
screen-candidate	rank-player-count	1	0	base.css
screen-candidate	recent-practices	1	0	dashboard.css
screen-candidate	roster-checkbox	1	0	components.css
screen-candidate	schedule-item-actions	1	0	dashboard.css
screen-candidate	schedule-item-desc	1	0	dashboard.css
screen-candidate	schedule-item-details	1	0	dashboard.css
screen-candidate	schedule-item-info	1	0	dashboard.css
screen-candidate	schedule-item-meta	1	0	dashboard.css
screen-candidate	schedule-item-title	1	0	dashboard.css
screen-candidate	sl-row-label	1	0	components-system.css
screen-candidate	sl-section-label	1	0	components.css
screen-candidate	stat-card	1	0	dashboard.css
screen-candidate	stat-grid-card	1	0	dashboard.css
screen-candidate	stat-icon	1	0	dashboard.css
screen-candidate	sync-status-btn	1	0	drawing.css
screen-candidate	timeline-item-comment	1	0	dashboard.css
screen-candidate	timeline-item-date	1	0	dashboard.css
screen-candidate	timeline-item-skills	1	0	dashboard.css
screen-candidate	top-scorers-column	1	0	dashboard.css
screen-candidate	top-scorers-ol	1	0	dashboard.css
screen-candidate	top-scorers-title	1	0	dashboard.css
screen-candidate	topbar-actions	1	0	base.css
screen-candidate	undo-bar	1	0	components.css
standard-component	c-modal	18	16	components-system.css
standard-component	c-practice-card	12	1	components-system.css
standard-component	c-form-field	11	96	components-system.css
standard-component	c-filter-bar__search	10	4	components-standard.css,components-system.css
standard-component	c-practice-card__actions	10	1	components-system.css
standard-component	c-roster-row	8	4	components-system.css
standard-component	c-status--interactive	7	13	components-standard.css
standard-component	c-modal__body	5	8	components-system.css
standard-component	c-modal__footer	5	8	components-system.css
standard-component	c-choice-field	5	4	components-system.css
standard-component	c-roster-row__identity	5	2	components-system.css
standard-component	c-liquid-panel--immersive	5	1	components-standard.css
standard-component	c-roster-row--attendance	5	1	components-system.css
standard-component	c-settings-section	4	18	components-system.css
standard-component	c-view-switcher__option	4	6	components-system.css
standard-component	c-data-list__metric	4	3	components-system.css
standard-component	c-metric__icon	4	1	components-standard.css
standard-component	c-practice-card__header	4	1	components-system.css
standard-component	c-action-group	3	58	components-standard.css,components-system.css
standard-component	c-section-header__title	3	25	components-standard.css,components-system.css
standard-component	c-text-effect--shimmer	3	24	components-standard.css
standard-component	c-icon	3	14	base.css,icon-system.css
standard-component	c-action-group--mobile-stretch	3	13	components-standard.css,components-system.css
standard-component	c-status__dismiss	3	12	components-standard.css
standard-component	c-empty-state--compact	3	9	components-standard.css,components-system.css
standard-component	c-data-list__item--button	3	4	components-system.css
standard-component	c-filter-bar__actions	3	4	components-system.css
standard-component	c-metric__value	3	4	components-standard.css
standard-component	c-data-item	3	3	components-standard.css
standard-component	c-text-effect--liquid	3	3	components-standard.css
standard-component	c-kinetic-kicker--reveal	3	2	components-standard.css
standard-component	c-roster-row__status	3	2	components-system.css
standard-component	c-theme-preview	3	1	components-system.css
standard-component	c-theme-preview__mode	3	1	components-system.css
standard-component	c-input	3	0	components-system.css
standard-component	c-text-glow	3	0	components-standard.css
standard-component	c-text-reveal	3	0	components-standard.css
standard-component	c-status	2	93	components-standard.css,drawing.css
standard-component	c-data-list	2	44	components-standard.css,components-system.css
standard-component	c-section-header	2	27	components-standard.css
standard-component	c-form-grid	2	19	components-system.css
standard-component	c-data-list__item	2	17	components-system.css
standard-component	c-settings-section__header	2	16	components-system.css
standard-component	c-fieldset	2	11	components-system.css
standard-component	c-empty-state__body	2	10	components-standard.css
standard-component	c-modal__header	2	9	components-system.css
standard-component	c-fieldset__legend	2	6	components-system.css
standard-component	c-status--success	2	6	components-standard.css,components-system.css
standard-component	c-metric	2	5	components-standard.css
standard-component	c-data-list--ranking	2	4	components-system.css
standard-component	c-action-group--compact	2	3	components-standard.css
standard-component	c-data-list__actions	2	3	components-system.css
standard-component	c-data-list__metric-label	2	3	components-system.css
standard-component	c-data-list__metric-value	2	3	components-system.css
standard-component	c-data-management__hero	2	3	components-system.css
standard-component	c-filter-bar__filter-actions	2	3	components-system.css
standard-component	c-metric--inline	2	3	components-standard.css
standard-component	c-metric-grid	2	3	components-standard.css
standard-component	c-view-switcher	2	3	components-system.css
standard-component	c-data-management__operation-icon	2	2	components-system.css
standard-component	c-roster-row__name	2	2	components-system.css
standard-component	c-data-management	2	1	components-system.css
standard-component	c-data-management__hero-icon	2	1	components-system.css
standard-component	c-field	2	1	components-standard.css
standard-component	c-fieldset__error-summary	2	1	components-system.css
standard-component	c-form-field__error	2	1	components-system.css
standard-component	c-match-score-actions	2	1	components-system.css
standard-component	c-metric--positive	2	1	components-standard.css
standard-component	c-practice-card__identity	2	1	components-system.css
standard-component	c-practice-card__meta	2	1	components-system.css
standard-component	c-metric--negative	2	0	components-standard.css
standard-component	c-form-field__label	1	62	components-system.css
standard-component	c-status--muted	1	37	components-standard.css
standard-component	c-status--compact	1	26	components-standard.css
standard-component	c-kicker	1	22	components-standard.css
standard-component	c-section-header__content	1	21	components-standard.css
standard-component	c-status--warning	1	20	components-standard.css
standard-component	c-empty-state	1	18	components-standard.css
standard-component	c-settings-form	1	18	components-system.css
standard-component	c-settings-section__body	1	16	components-system.css
standard-component	c-data-list__header	1	15	components-system.css
standard-component	c-data-list__identity	1	12	components-system.css
standard-component	c-settings-section__intro	1	12	components-system.css
standard-component	c-empty-state__text	1	11	components-standard.css
standard-component	c-empty-state__icon	1	10	components-standard.css
standard-component	c-icon--sm	1	10	icon-system.css
standard-component	c-status--info	1	10	components-standard.css
standard-component	c-empty-state__title	1	9	components-standard.css
standard-component	c-action-group--end	1	8	components-standard.css
standard-component	c-form-field__help	1	8	components-system.css
standard-component	c-modal__close	1	8	components-system.css
standard-component	c-modal__title	1	8	components-system.css
standard-component	c-data-list__meta	1	7	components-system.css
standard-component	c-filter-bar	1	6	components-system.css
standard-component	c-status-label	1	6	components-system.css
standard-component	c-data-list--scrollable	1	5	components-system.css
standard-component	c-data-management__operation-content	1	5	components-system.css
standard-component	c-data-list__body	1	4	components-system.css
standard-component	c-data-list__value	1	4	components-system.css
standard-component	c-data-list__value--accent	1	4	components-system.css
standard-component	c-data-list__value-group	1	4	components-system.css
standard-component	c-filter-bar__main	1	4	components-system.css
standard-component	c-form-field--compact	1	4	components-system.css
standard-component	c-form-field__heading	1	4	components-system.css
standard-component	c-metric__label	1	4	components-standard.css
standard-component	c-status--solid	1	4	components-standard.css
standard-component	c-data-list__kind	1	3	components-system.css
standard-component	c-data-management__description	1	3	components-system.css
standard-component	c-data-management__operation	1	3	components-system.css
standard-component	c-data-management__operation-title	1	3	components-system.css
standard-component	c-filter-bar__filters	1	3	components-system.css
standard-component	c-icon--md	1	3	icon-system.css
standard-component	c-progress-bar	1	3	components-system.css
standard-component	c-roster-list	1	3	components-system.css
standard-component	c-status--count	1	3	components-standard.css
standard-component	c-data-item__label	1	2	components-standard.css
standard-component	c-data-list__rank	1	2	components-system.css
standard-component	c-data-management__note	1	2	components-system.css
standard-component	c-data-management__operation-header	1	2	components-system.css
standard-component	c-data-management__operation-meta	1	2	components-system.css
standard-component	c-focus-summary	1	2	components-system.css
standard-component	c-glass-surface--spotlight	1	2	components-standard.css
standard-component	c-icon--cone	1	2	icon-system.css
standard-component	c-icon--document	1	2	icon-system.css
standard-component	c-icon--home	1	2	icon-system.css
standard-component	c-icon--pass-ladder	1	2	icon-system.css
standard-component	c-icon--team	1	2	icon-system.css
standard-component	c-icon--trophy	1	2	icon-system.css
standard-component	c-input--mono	1	2	components-system.css
standard-component	c-liquid-panel	1	2	components-standard.css
standard-component	c-page-list	1	2	components-system.css
standard-component	c-status-label--required	1	2	components-system.css
standard-component	c-step-list	1	2	components-system.css
standard-component	c-data-list--modal-compact	1	1	components-system.css
standard-component	c-data-list__item--selected	1	1	components-system.css
standard-component	c-data-management__danger	1	1	components-system.css
standard-component	c-data-management__danger-title	1	1	components-system.css
standard-component	c-data-management__file-action	1	1	components-system.css
standard-component	c-data-management__grid	1	1	components-system.css
standard-component	c-data-management__hero-content	1	1	components-system.css
standard-component	c-data-management__intro	1	1	components-system.css
standard-component	c-data-management__note--warning	1	1	components-system.css
standard-component	c-data-management__operation-icon--restore	1	1	components-system.css
standard-component	c-data-management__title	1	1	components-system.css
standard-component	c-focus-summary__kicker	1	1	components-system.css
standard-component	c-focus-summary__note	1	1	components-system.css
standard-component	c-focus-summary__title	1	1	components-system.css
standard-component	c-form-field__example	1	1	components-system.css
standard-component	c-glass-surface	1	1	components-standard.css
standard-component	c-glass-surface--strong	1	1	components-standard.css
standard-component	c-icon--brand	1	1	icon-system.css
standard-component	c-icon--team-signal	1	1	icon-system.css
standard-component	c-match-score	1	1	components-system.css
standard-component	c-match-score__result	1	1	components-system.css
standard-component	c-metric-grid--inline	1	1	components-standard.css
standard-component	c-metric__content	1	1	components-standard.css
standard-component	c-metric__note	1	1	components-standard.css
standard-component	c-page-list--bottom-safe	1	1	components-system.css
standard-component	c-practice-card__details	1	1	components-system.css
standard-component	c-practice-card__title	1	1	components-system.css
standard-component	c-progress-bar__indicator	1	1	components-system.css
standard-component	c-progress-bar__indicator--attention	1	1	components-system.css
standard-component	c-roster-row__number	1	1	components-system.css
standard-component	c-section-header__meta	1	1	components-standard.css
standard-component	c-status--danger	1	1	components-standard.css
standard-component	c-status--stacked	1	1	components-standard.css
standard-component	c-step-list__index	1	1	components-system.css
standard-component	c-step-list__item	1	1	components-system.css
standard-component	c-theme-preview__button	1	1	components-system.css
standard-component	c-theme-preview__muted	1	1	components-system.css
standard-component	c-theme-preview__surface	1	1	components-system.css
standard-component	c-data-list__metrics	1	0	components-system.css
standard-component	c-field__label	1	0	components-standard.css
standard-component	c-fieldset__heading	1	0	components-system.css
standard-component	c-form-field__supplementary	1	0	components-system.css
standard-component	c-icon--add	1	0	icon-system.css
standard-component	c-icon--attendance	1	0	icon-system.css
standard-component	c-icon--back	1	0	icon-system.css
standard-component	c-icon--bag	1	0	icon-system.css
standard-component	c-icon--bell	1	0	icon-system.css
standard-component	c-icon--calendar	1	0	icon-system.css
standard-component	c-icon--check	1	0	icon-system.css
standard-component	c-icon--checklist	1	0	icon-system.css
standard-component	c-icon--chevron-down	1	0	icon-system.css
standard-component	c-icon--chevron-right	1	0	icon-system.css
standard-component	c-icon--close	1	0	icon-system.css
standard-component	c-icon--danger	1	0	icon-system.css
standard-component	c-icon--delete	1	0	icon-system.css
standard-component	c-icon--dream-gate	1	0	icon-system.css
standard-component	c-icon--edit	1	0	icon-system.css
standard-component	c-icon--error	1	0	icon-system.css
standard-component	c-icon--eye	1	0	icon-system.css
standard-component	c-icon--eye-off	1	0	icon-system.css
standard-component	c-icon--field-horizon	1	0	icon-system.css
standard-component	c-icon--filter	1	0	icon-system.css
standard-component	c-icon--lg	1	0	icon-system.css
standard-component	c-icon--location	1	0	icon-system.css
standard-component	c-icon--lock	1	0	icon-system.css
standard-component	c-icon--megaphone	1	0	icon-system.css
standard-component	c-icon--message	1	0	icon-system.css
standard-component	c-icon--muted	1	0	icon-system.css
standard-component	c-icon--on-action	1	0	icon-system.css
standard-component	c-icon--on-brand	1	0	icon-system.css
standard-component	c-icon--photo	1	0	icon-system.css
standard-component	c-icon--positive	1	0	icon-system.css
standard-component	c-icon--progress-ring	1	0	icon-system.css
standard-component	c-icon--publish	1	0	icon-system.css
standard-component	c-icon--refresh	1	0	icon-system.css
standard-component	c-icon--rising-pass	1	0	icon-system.css
standard-component	c-icon--save	1	0	icon-system.css
standard-component	c-icon--search	1	0	icon-system.css
standard-component	c-icon--sort	1	0	icon-system.css
standard-component	c-icon--status-clock	1	0	icon-system.css
standard-component	c-icon--time	1	0	icon-system.css
standard-component	c-icon--together-ring	1	0	icon-system.css
standard-component	c-icon--unread-dot	1	0	icon-system.css
standard-component	c-icon--user	1	0	icon-system.css
standard-component	c-icon--warning	1	0	icon-system.css
standard-component	c-icon--warning-tone	1	0	icon-system.css
standard-component	c-icon--xl	1	0	icon-system.css
standard-component	c-icon--xs	1	0	icon-system.css
standard-component	c-roster-row__meta	1	0	components-system.css
standard-layout	l-section	3	0	layouts.css
standard-layout	l-grid	2	1	layouts.css
standard-layout	l-stack	1	7	layouts.css
standard-layout	l-page	1	3	layouts.css
standard-layout	l-cluster	1	2	layouts.css
standard-layout	l-page--narrow	1	2	layouts.css
standard-layout	l-stack--compact	1	2	layouts.css
standard-layout	l-stack--spacious	1	2	layouts.css
standard-layout	l-cluster--compact	1	1	layouts.css
standard-layout	l-form-grid	1	1	layouts.css
standard-layout	l-grid--wide	1	1	layouts.css
standard-layout	l-page--wide	1	1	layouts.css
standard-layout	l-cluster--between	1	0	layouts.css
standard-layout	l-cluster--end	1	0	layouts.css
standard-layout	l-cluster--mobile-stretch	1	0	layouts.css
standard-layout	l-divider	1	0	layouts.css
standard-layout	l-grid--compact	1	0	layouts.css
standard-layout	l-grid--dense	1	0	layouts.css
standard-layout	l-page--mobile-flush	1	0	layouts.css
state	is-tactics-mode	5	2	drawing.css
state	hidden	2	215	base.css
state	is-pressing	2	3	components.css
state	is-expired	1	0	components.css
state	is-revoked	1	0	components.css
utility	u-visually-hidden	1	24	utilities.css
utility	u-ext-194	1	5	components.css
utility	u-ext-57	1	5	components.css
utility	u-tabular-nums	1	5	utilities.css
utility	u-ext-16	1	4	components.css
utility	u-ext-195	1	4	components.css
utility	u-ext-77	1	4	components.css
utility	u-ext-91	1	4	components.css
utility	u-ext-129	1	3	components.css
utility	u-ext-130	1	3	components.css
utility	u-ext-154	1	3	components.css
utility	u-ext-156	1	3	components.css
utility	u-ext-157	1	3	components.css
utility	u-ext-160	1	3	components.css
utility	u-ext-161	1	3	components.css
utility	u-ext-162	1	3	components.css
utility	u-ext-163	1	3	components.css
utility	u-ext-30	1	3	components.css
utility	u-ext-98	1	3	components.css
utility	u-ext-104	1	2	components.css
utility	u-ext-109	1	2	components.css
utility	u-ext-142	1	2	components.css
utility	u-ext-143	1	2	components.css
utility	u-ext-165	1	2	components.css
utility	u-ext-174	1	2	components.css
utility	u-ext-177	1	2	components.css
utility	u-ext-183	1	2	components.css
utility	u-ext-185	1	2	components.css
utility	u-ext-186	1	2	components.css
utility	u-ext-188	1	2	components.css
utility	u-ext-189	1	2	components.css
utility	u-ext-190	1	2	components.css
utility	u-ext-191	1	2	components.css
utility	u-ext-192	1	2	components.css
utility	u-ext-193	1	2	components.css
utility	u-ext-199	1	2	components.css
utility	u-ext-200	1	2	components.css
utility	u-ext-201	1	2	components.css
utility	u-ext-33	1	2	components.css
utility	u-ext-40	1	2	components.css
utility	u-ext-54	1	2	components.css
utility	u-ext-55	1	2	components.css
utility	u-ext-56	1	2	components.css
utility	u-ext-62	1	2	components.css
utility	u-ext-64	1	2	components.css
utility	u-ext-81	1	2	components.css
utility	u-ext-84	1	2	components.css
utility	u-ext-89	1	2	components.css
utility	u-ext-90	1	2	components.css
utility	u-ext-92	1	2	components.css
utility	u-ext-93	1	2	components.css
utility	u-text-muted	1	2	utilities.css
utility	u-ext-105	1	1	components.css
utility	u-ext-106	1	1	components.css
utility	u-ext-107	1	1	components.css
utility	u-ext-108	1	1	components.css
utility	u-ext-112	1	1	components.css
utility	u-ext-113	1	1	components.css
utility	u-ext-114	1	1	components.css
utility	u-ext-123	1	1	components.css
utility	u-ext-124	1	1	components.css
utility	u-ext-125	1	1	components.css
utility	u-ext-126	1	1	components.css
utility	u-ext-127	1	1	components.css
utility	u-ext-128	1	1	components.css
utility	u-ext-131	1	1	components.css
utility	u-ext-132	1	1	components.css
utility	u-ext-133	1	1	components.css
utility	u-ext-134	1	1	components.css
utility	u-ext-135	1	1	components.css
utility	u-ext-136	1	1	components.css
utility	u-ext-137	1	1	components.css
utility	u-ext-138	1	1	components.css
utility	u-ext-139	1	1	components.css
utility	u-ext-140	1	1	components.css
utility	u-ext-150	1	1	components.css
utility	u-ext-151	1	1	components.css
utility	u-ext-152	1	1	components.css
utility	u-ext-153	1	1	components.css
utility	u-ext-155	1	1	components.css
utility	u-ext-158	1	1	components.css
utility	u-ext-159	1	1	components.css
utility	u-ext-164	1	1	components.css
utility	u-ext-166	1	1	components.css
utility	u-ext-167	1	1	components.css
utility	u-ext-175	1	1	components.css
utility	u-ext-176	1	1	components.css
utility	u-ext-187	1	1	components.css
utility	u-ext-196	1	1	components.css
utility	u-ext-197	1	1	components.css
utility	u-ext-198	1	1	components.css
utility	u-ext-38	1	1	components.css
utility	u-ext-39	1	1	components.css
utility	u-ext-41	1	1	components.css
utility	u-ext-42	1	1	components.css
utility	u-ext-43	1	1	components.css
utility	u-ext-44	1	1	components.css
utility	u-ext-45	1	1	components.css
utility	u-ext-46	1	1	components.css
utility	u-ext-47	1	1	components.css
utility	u-ext-48	1	1	components.css
utility	u-ext-49	1	1	components.css
utility	u-ext-5	1	1	base.css
utility	u-ext-50	1	1	components.css
utility	u-ext-51	1	1	components.css
utility	u-ext-52	1	1	components.css
utility	u-ext-53	1	1	components.css
utility	u-ext-61	1	1	components.css
utility	u-ext-63	1	1	components.css
utility	u-ext-65	1	1	components.css
utility	u-ext-66	1	1	components.css
utility	u-ext-67	1	1	components.css
utility	u-ext-68	1	1	components.css
utility	u-ext-69	1	1	components.css
utility	u-ext-70	1	1	components.css
utility	u-ext-71	1	1	components.css
utility	u-ext-72	1	1	components.css
utility	u-ext-73	1	1	components.css
utility	u-ext-74	1	1	components.css
utility	u-ext-75	1	1	components.css
utility	u-ext-76	1	1	components.css
utility	u-ext-78	1	1	components.css
utility	u-ext-79	1	1	components.css
utility	u-ext-80	1	1	components.css
utility	u-ext-82	1	1	components.css
utility	u-ext-83	1	1	components.css
utility	u-ext-85	1	1	components.css
utility	u-ext-86	1	1	components.css
utility	u-ext-87	1	1	components.css
utility	u-ext-88	1	1	components.css
utility	u-ext-94	1	1	components.css
utility	u-ext-95	1	1	components.css
utility	u-ext-96	1	1	components.css
utility	u-ext-97	1	1	components.css
utility	u-mono	1	1	utilities.css
utility	u-no-margin	1	1	utilities.css
utility	u-ext-171	1	0	components.css
utility	u-ext-172	1	0	components.css
utility	u-ext-173	1	0	components.css
utility	u-full-width	1	0	utilities.css
utility	u-page-bottom-safe	1	0	utilities.css
utility	u-scroll-x	1	0	utilities.css
utility	u-scroll-y	1	0	utilities.css
utility	u-surface-muted	1	0	utilities.css
utility	u-text-truncate	1	0	utilities.css
