file	line	classification	style
index.html	253	state	display:none;
index.html	300	state	display:none;
index.html	312	state	display:none;
index.html	458	state	display:none;
index.html	1496	state	display:none;
index.html	1610	state	display:none;
index.html	1869	state	display:none;
index.html	1918	state	display:none;
index.html	1933	state	display:none;
index.html	1946	state	display:none;
index.html	2477	state	display:none;
app.js	650	dynamic	width:${item.pct}%
app.js	678	dynamic	[colScorers, colAssists, colAttendance, colPlaytime].forEach(col => col.style.display = 'none');
app.js	679	dynamic	[h4Scorers, h4Assists, h4Attendance, h4Playtime].forEach(h => { if (h) h.style.display = 'block'; });
app.js	682	dynamic	list.style.display = 'block';
app.js	683	dynamic	list.style.columnCount = 'auto';
app.js	686	dynamic	gridCols.style.display = 'block';
app.js	691	dynamic	listEl.style.display = 'block';
app.js	692	dynamic	listEl.style.columnCount = '2';
app.js	693	dynamic	listEl.style.columnGap = '1.5rem';
app.js	699	dynamic	colScorers.style.display = 'block';
app.js	700	dynamic	if (h4Scorers) h4Scorers.style.display = 'none';
app.js	704	dynamic	colAssists.style.display = 'block';
app.js	705	dynamic	if (h4Assists) h4Assists.style.display = 'none';
app.js	709	dynamic	colAttendance.style.display = 'block';
app.js	710	dynamic	if (h4Attendance) h4Attendance.style.display = 'none';
app.js	714	dynamic	colPlaytime.style.display = 'block';
app.js	715	dynamic	if (h4Playtime) h4Playtime.style.display = 'none';
app.js	720	dynamic	[colScorers, colAssists, colAttendance, colPlaytime].forEach(col => col.style.display = 'block');
app.js	721	dynamic	gridCols.style.display = 'grid';
app.js	722	dynamic	gridCols.style.gridTemplateColumns = 'repeat(2, 1fr)';
app.js	723	dynamic	gridCols.style.gap = '1rem';
app.js	1563	dynamic	nextEventCard.style.cursor = 'pointer';
app.js	1612	dynamic	if (elBar) elBar.style.width = `${winRate}%`;
app.js	1989	dynamic	if (errorMsg) errorMsg.style.display = 'none';
app.js	2033	dynamic	if (errorMsg) errorMsg.style.display = 'block';
app.js	2075	dynamic	badge.style.background = 'rgba(242, 57, 50, 0.15)';
app.js	2076	dynamic	badge.style.color = '#ef4444';
app.js	2079	dynamic	badge.style.background = 'rgba(34, 197, 94, 0.15)';
app.js	2080	dynamic	badge.style.color = '#15803d';
app.js	2112	dynamic	mobileSyncCard.style.display = hasUrl ? 'block' : 'none';
app.js	2119	dynamic	btnSyncStatus.style.display = hasUrl ? 'inline-flex' : 'none';
app.js	2161	dynamic	if (playersLink) playersLink.style.display = isCoach ? 'flex' : 'none';
app.js	2164	dynamic	if (settingsLink) settingsLink.style.display = isCoach ? 'flex' : 'none';
app.js	2168	dynamic	if (matchesLink) matchesLink.style.display = parentScopes.includes('schedule') ? 'flex' : 'none';
app.js	2169	dynamic	if (practicesLink) practicesLink.style.display = parentScopes.includes('schedule') ? 'flex' : 'none';
app.js	2174	dynamic	el.style.display = isCoach ? 'flex' : 'none';
app.js	2179	dynamic	if (bottomMatches) bottomMatches.style.display = parentScopes.includes('schedule') ? 'flex' : 'none';
app.js	2180	dynamic	if (bottomPractices) bottomPractices.style.display = parentScopes.includes('schedule') ? 'flex' : 'none';
app.js	2182	dynamic	if (bottomMatches) bottomMatches.style.display = 'flex';
app.js	2183	dynamic	if (bottomPractices) bottomPractices.style.display = 'flex';
app.js	2188	dynamic	el.style.display = isCoach ? 'flex' : 'none';
app.js	2191	dynamic	el.style.display = !isCoach ? 'flex' : 'none';
app.js	2195	dynamic	if (libraryLink) libraryLink.style.display = isCoach ? 'flex' : 'none';
app.js	2198	dynamic	if (tacticsLink) tacticsLink.style.display = isCoach ? 'flex' : 'none';
app.js	2201	dynamic	if (dataLink) dataLink.style.display = isCoach ? 'flex' : 'none';
matches.js	351	dynamic	picker.style.display = 'block';
matches.js	352	dynamic	picker.style.top = `calc(${nodeEl.style.top} + 25px)`;
matches.js	353	dynamic	picker.style.left = `calc(${nodeEl.style.left} - 70px)`;
matches.js	375	dynamic	picker.style.display = 'none';
matches.js	384	dynamic	picker.style.display = 'none';
matches.js	445	dynamic	nodeEl.style.top = nodeTop;
matches.js	446	dynamic	nodeEl.style.left = nodeLeft;
matches.js	500	dynamic	if (picker) picker.style.display = 'none';
matches.js	978	dynamic	btnAddFormation.style.display = isCoach ? 'inline-flex' : 'none';
matches.js	1278	dynamic	titleEl.style.cursor = 'pointer';
matches.js	1588	dynamic	position:absolute; left:${leftStr}; top:${topStr}; transform:translate(-50%, -50%); display:flex; flex-direction:column; align-items:center; cursor:pointer; z-index:5;
matches.js	1789	dynamic	targetRow.style.backgroundColor = 'rgba(37, 99, 235, 0.15)';
matches.js	1790	dynamic	setTimeout(() => { targetRow.style.backgroundColor = 'rgba(0,0,0,0.02)'; }, 1000);
matches.js	1948	dynamic	position:absolute; left:${leftPercent}%; top:${topPercent}%; transform:translate(-50%, -50%); display:flex; flex-direction:column; align-items:center; cursor:pointer; z-index:5;
matches.js	2047	dynamic	targetRow.style.backgroundColor = 'rgba(37, 99, 235, 0.15)';
matches.js	2048	dynamic	setTimeout(() => { targetRow.style.backgroundColor = 'rgba(0,0,0,0.02)'; }, 1000);
matches.js	2144	dynamic	btnAddTimelineEvent.style.display = isCoach ? 'inline-flex' : 'none';
matches.js	2311	dynamic	if (pitchContainer) pitchContainer.style.display = 'none';
matches.js	2312	dynamic	if (sysGroup) sysGroup.style.display = 'none';
matches.js	2313	dynamic	if (pkContainer) pkContainer.style.display = 'block';
matches.js	2324	dynamic	if (pitchContainer) pitchContainer.style.display = 'block';
matches.js	2325	dynamic	if (sysGroup) sysGroup.style.display = 'block';
matches.js	2326	dynamic	if (pkContainer) pkContainer.style.display = 'none';
matches.js	2482	dynamic	if (btnCopy) btnCopy.style.display = 'none';
matches.js	2484	dynamic	btnDeleteModal.style.display = 'inline-flex';
matches.js	2495	dynamic	if (btnDeleteModal) btnDeleteModal.style.display = 'none';
matches.js	2503	dynamic	btnCopy.style.display = 'block';
matches.js	2512	dynamic	btnCopy.style.display = 'none';
matches.js	2676	dynamic	document.body.style.cursor = 'col-resize';
matches.js	2677	dynamic	document.body.style.userSelect = 'none';
matches.js	2678	dynamic	resizer.style.background = 'var(--primary)';
matches.js	2680	dynamic	if (videoCol) videoCol.style.pointerEvents = 'none';
matches.js	2692	dynamic	videoCol.style.flex = `0 0 ${percentage}%`;
matches.js	2699	dynamic	document.body.style.cursor = 'default';
matches.js	2700	dynamic	document.body.style.userSelect = '';
matches.js	2701	dynamic	resizer.style.background = 'var(--surface-border)';
matches.js	2703	dynamic	if (videoCol) videoCol.style.pointerEvents = 'auto';
matches.js	3138	dynamic	btnAddMatch.style.display = isCoach ? 'inline-flex' : 'none';
settings.js	23	dynamic	if (successMsg) successMsg.style.display = 'none';
settings.js	34	dynamic	if (msg) { msg.style.display = 'block'; setTimeout(() => msg.style.display = 'none', 2500); }
settings.js	39	dynamic	if (msg) { msg.style.display = 'block'; setTimeout(() => msg.style.display = 'none', 2500); }
settings.js	59	dynamic	anchor.style.display = 'none';
settings.js	88	dynamic	anchor.style.display = 'none';
settings.js	199	dynamic	--preview-canvas:${palette.canvas};--preview-surface:${palette.surface};--preview-text:${palette.text};--preview-muted:${palette.textMuted};--preview-border:${palette.border};--preview-primary:${palette.primary};--preview-on-primary:${palette.onPrimary};
settings.js	573	dynamic	link.href = url; link.download = fileName; link.style.display = 'none';
settings.js	1025	dynamic	nodeEl.style.top = node.top;
settings.js	1026	dynamic	nodeEl.style.left = node.left;
settings.js	1027	dynamic	nodeEl.style.cursor = 'grab';
settings.js	1081	dynamic	nodeEl.style.cursor = 'grabbing';
settings.js	1100	dynamic	nodeEl.style.left = `${leftPercent}%`;
settings.js	1101	dynamic	nodeEl.style.top = `${topPercent}%`;
settings.js	1109	dynamic	nodeEl.style.cursor = 'grab';
practices.js	678	dynamic	select.parentElement.style.display = 'block';
practices.js	782	dynamic	if (libSel) libSel.parentElement.style.display = 'none';
practices.js	823	dynamic	playBtn.style.display = 'inline-block';
practices.js	832	dynamic	playBtn.style.display = 'none';
library.js	401	dynamic	btnAdd.style.display = isCoach ? 'inline-flex' : 'none';
library.js	410	dynamic	if (fsEl) fsEl.style.display = 'none';
library.js	486	dynamic	if (fsEl) fsEl.style.display = 'none';
tactics.js	48	dynamic	btnAdd.style.display = 'none';
tactics.js	50	dynamic	btnAdd.style.display = 'inline-block';
tactics.js	95	dynamic	tacticsList.style.display = 'flex';
tactics.js	96	dynamic	tacticsList.style.flexDirection = 'column';
tactics.js	97	dynamic	tacticsList.style.gap = '1.5rem';
tactics.js	113	dynamic	tacticsList.style.display = 'flex';
tactics.js	114	dynamic	tacticsList.style.flexDirection = 'column';
tactics.js	115	dynamic	tacticsList.style.gap = '1.5rem';
players.js	450	dynamic	if (previewContainer) { previewContainer.style.display = 'none'; previewContainer.innerHTML = ''; }
players.js	451	dynamic	if (errorMsg) errorMsg.style.display = 'none';
players.js	458	dynamic	previewContainer.style.display = 'block';
players.js	484	dynamic	if (errorMsg) errorMsg.style.display = 'none';
players.js	486	dynamic	previewContainer.style.display = 'none';
players.js	520	dynamic	errorMsg.style.display = 'block';
players.js	871	dynamic	width:${p.matchPct}%
drawing.js	107	dynamic	btnUndo.style.opacity = commandStack.canUndo() ? '1' : '0.5';
drawing.js	111	dynamic	btnRedo.style.opacity = commandStack.canRedo() ? '1' : '0.5';
drawing.js	146	dynamic	if (btnPrev) { btnPrev.disabled = true; btnPrev.style.opacity = '0.5'; }
drawing.js	147	dynamic	if (btnNext) { btnNext.disabled = true; btnNext.style.opacity = '0.5'; }
drawing.js	148	dynamic	if (btnDelete) { btnDelete.disabled = true; btnDelete.style.opacity = '0.5'; }
drawing.js	241	dynamic	btnPrev.style.opacity = currentFrameIndex > 0 ? '1' : '0.5';
drawing.js	245	dynamic	btnNext.style.opacity = (currentFrameIndex >= 0 && currentFrameIndex < frames.length - 1) ? '1' : '0.5';
drawing.js	249	dynamic	btnDelete.style.opacity = (currentFrameIndex >= 0 && currentFrameIndex < frames.length) ? '1' : '0.5';
drawing.js	645	dynamic	link.style.display = 'none';
drawing.js	1243	dynamic	playerControls.style.display = 'flex';
drawing.js	1246	dynamic	if (numInput) numInput.style.display = (selectedObject.type === 'player') ? 'inline-block' : 'none';
drawing.js	1247	dynamic	if (numLabels && numLabels[0]) numLabels[0].style.display = (selectedObject.type === 'player') ? 'inline-block' : 'none';
drawing.js	1267	dynamic	playerControls.style.display = 'none';
drawing.js	1274	dynamic	textControls.style.display = 'flex';
drawing.js	1285	dynamic	textControls.style.display = 'none';
drawing.js	1314	dynamic	popover.style.visibility = 'hidden';
drawing.js	1357	dynamic	popover.style.transform = 'none';
drawing.js	1358	dynamic	popover.style.left = `${leftPos}px`;
drawing.js	1359	dynamic	popover.style.top = `${topPos}px`;
drawing.js	1360	dynamic	popover.style.visibility = 'visible';
drawing.js	1372	dynamic	arrow.style.left = `${arrowLeft}px`;
drawing.js	1569	dynamic	if (cardSideOpt) cardSideOpt.style.display = 'block';
drawing.js	1578	dynamic	btnEditSide.style.display = 'inline-flex';
drawing.js	1586	dynamic	btnEditSide.style.display = 'none';
drawing.js	1594	dynamic	if (cardSideOpt) cardSideOpt.style.display = 'none';
drawing.js	1602	dynamic	btnEditSide.style.display = 'inline-flex';
drawing.js	1610	dynamic	btnEditSide.style.display = 'none';
drawing.js	1615	dynamic	if (cardSideOpt) cardSideOpt.style.display = 'block';
drawing.js	1622	dynamic	if (btnEditSide) btnEditSide.style.display = 'none';
drawing.js	1807	dynamic	if (wrapHome) wrapHome.style.display = 'block';
drawing.js	1808	dynamic	if (wrapAway) wrapAway.style.display = 'block';
drawing.js	1810	dynamic	if (wrapHome) wrapHome.style.display = 'block';
drawing.js	1811	dynamic	if (wrapAway) wrapAway.style.display = 'none';
drawing.js	1813	dynamic	if (wrapHome) wrapHome.style.display = 'none';
drawing.js	1814	dynamic	if (wrapAway) wrapAway.style.display = 'block';
drawing.js	2018	dynamic	el.style.display = 'none';
drawing.js	2020	dynamic	el.style.display = '';
insights.js	69	dynamic	width:${attendance.rate}%
