selector	reference_count	files
.u-ext-104	2	matches.js
.u-ext-105	1	matches.js
.u-ext-106	1	matches.js
.u-ext-107	1	matches.js
.u-ext-108	1	matches.js
.u-ext-109	2	matches.js
.u-ext-112	1	matches.js
.u-ext-113	1	matches.js
.u-ext-114	1	matches.js
.u-ext-123	1	matches.js
.u-ext-124	1	matches.js
.u-ext-125	1	matches.js
.u-ext-126	1	matches.js
.u-ext-127	1	matches.js
.u-ext-128	1	matches.js
.u-ext-129	3	matches.js
.u-ext-130	3	matches.js
.u-ext-131	1	matches.js
.u-ext-132	1	matches.js
.u-ext-133	1	matches.js
.u-ext-134	1	matches.js
.u-ext-135	1	matches.js
.u-ext-136	1	matches.js
.u-ext-137	1	matches.js
.u-ext-138	1	matches.js
.u-ext-139	1	matches.js
.u-ext-140	1	matches.js
.u-ext-142	2	matches.js,practices.js
.u-ext-143	2	matches.js,practices.js
.u-ext-150	1	practices.js
.u-ext-151	1	practices.js
.u-ext-152	1	practices.js
.u-ext-153	1	practices.js
.u-ext-154	3	library.js,practices.js,tactics.js
.u-ext-155	1	practices.js
.u-ext-156	3	library.js,practices.js,tactics.js
.u-ext-157	3	practices.js
.u-ext-158	1	practices.js
.u-ext-159	1	practices.js
.u-ext-16	4	library.js,matches.js,practices.js
.u-ext-160	3	library.js,practices.js,tactics.js
.u-ext-161	3	library.js,practices.js,tactics.js
.u-ext-162	3	library.js,practices.js,tactics.js
.u-ext-163	3	practices.js
.u-ext-164	1	practices.js
.u-ext-165	2	library.js,practices.js
.u-ext-166	1	practices.js
.u-ext-167	1	practices.js
.u-ext-171	1	settings.js
.u-ext-172	1	settings.js
.u-ext-173	1	settings.js
.u-ext-174	2	settings.js
.u-ext-175	1	settings.js
.u-ext-176	1	settings.js
.u-ext-177	2	settings.js
.u-ext-178	1	library.js
.u-ext-179	1	library.js
.u-ext-180	1	library.js
.u-ext-181	1	library.js
.u-ext-182	10	library.js,tactics.js
.u-ext-183	2	library.js,tactics.js
.u-ext-185	2	library.js,tactics.js
.u-ext-186	2	library.js,tactics.js
.u-ext-187	1	library.js
.u-ext-188	2	library.js,tactics.js
.u-ext-189	2	library.js,tactics.js
.u-ext-190	2	library.js,tactics.js
.u-ext-191	2	library.js,tactics.js
.u-ext-192	2	library.js,tactics.js
.u-ext-193	2	library.js,tactics.js
.u-ext-194	5	library.js,tactics.js
.u-ext-195	4	library.js,tactics.js
.u-ext-196	1	library.js
.u-ext-197	1	library.js
.u-ext-198	1	library.js
.u-ext-199	2	library.js,tactics.js
.u-ext-200	2	library.js,tactics.js
.u-ext-201	2	library.js,tactics.js
.u-ext-30	3	matches.js
.u-ext-33	2	library.js,practices.js
.u-ext-38	1	matches.js
.u-ext-39	1	matches.js
.u-ext-40	2	matches.js
.u-ext-41	1	matches.js
.u-ext-42	1	matches.js
.u-ext-43	1	matches.js
.u-ext-44	1	matches.js
.u-ext-45	1	matches.js
.u-ext-46	1	matches.js
.u-ext-47	1	matches.js
.u-ext-48	1	matches.js
.u-ext-49	1	matches.js
.u-ext-50	1	matches.js
.u-ext-51	1	matches.js
.u-ext-52	1	matches.js
.u-ext-53	1	matches.js
.u-ext-54	2	matches.js,practices.js
.u-ext-55	2	matches.js,practices.js
.u-ext-56	2	matches.js,practices.js
.u-ext-57	6	matches.js,practices.js
.u-ext-61	1	matches.js
.u-ext-62	2	matches.js
.u-ext-63	1	matches.js
.u-ext-64	2	matches.js
.u-ext-65	1	matches.js
.u-ext-66	1	matches.js
.u-ext-67	1	matches.js
.u-ext-68	1	matches.js
.u-ext-69	1	matches.js
.u-ext-70	1	matches.js
.u-ext-71	1	matches.js
.u-ext-72	1	matches.js
.u-ext-73	1	matches.js
.u-ext-74	1	matches.js
.u-ext-75	1	matches.js
.u-ext-76	1	matches.js
.u-ext-77	4	matches.js,practices.js
.u-ext-78	1	matches.js
.u-ext-79	1	matches.js
.u-ext-80	1	matches.js
.u-ext-81	2	matches.js
.u-ext-82	1	matches.js
.u-ext-83	1	matches.js
.u-ext-84	2	matches.js
.u-ext-85	1	matches.js
.u-ext-86	1	matches.js
.u-ext-87	1	matches.js
.u-ext-88	1	matches.js
.u-ext-89	2	matches.js
.u-ext-90	2	matches.js
.u-ext-91	4	matches.js
.u-ext-92	2	matches.js
.u-ext-93	2	matches.js
.u-ext-94	2	matches.js
.u-ext-95	2	matches.js
.u-ext-96	2	matches.js
.u-ext-97	1	matches.js
.u-ext-98	3	matches.js
